{"question": "As a beginner programmer, I'm having trouble understanding how this code works. Firstly, what does the `tokens` input represent? Secondly, why is the `next()` function being used here? And finally, what is the purpose of the `stack` list and how does it store and evaluate the arithmetic expression?", "answer": "1. The `tokens` input represents an arithmetic expression in Reverse Polish Notation. In this notation, the operators are placed after the operands, instead of between them. For example, instead of writing `2 + 3`, we would write `2 3 +`. This notation allows for easier parsing and evaluation of expressions.\n\n2. The `next()` function is not needed in this code and is causing a bug. Instead of iterating over each element of the `tokens` list, it is attempting to call the `next()` function on the list itself, which is not valid syntax. The correct way to iterate over the list is to use a `for` loop, as shown in the corrected code.\n\n3. The `stack` list is used to store the operands of the expression as we evaluate it. Whenever we encounter an operator, we pop the last two operands off the stack, apply the operator to them, and push the result back onto the stack. This allows us to evaluate the expression in a way that respects the order of operations, without the need for parentheses or explicit grouping.\n\nHere is the corrected code:\n\n```\ndef evalRPN(tokens):\n    stack = []\n    for token in tokens:\n        if token in {\"+\", \"-\", \"*\", \"/\"}:\n            b = stack.pop()\n            a = stack.pop()\n            if token == \"+\":\n                stack.append(a + b)\n            elif token == \"-\":\n                stack.append(a - b)\n            elif token == \"*\":\n                stack.append(a * b)\n            else:\n                stack.append(int(a / b))\n        else:\n            stack.append(int(token))\n    return stack[-1]\n```\n\nThe bug at line 3 has been fixed by replacing the `while next(tokens):` loop with a `for token in tokens:` loop. This allows us to properly iterate over the elements of the `tokens` list.\n\nThe code now correctly evaluates arithmetic expressions in Reverse Polish Notation using a stack-based approach."}