{"question": "As a beginner programmer, I'm having some trouble understanding this code. Can you help me by answering a few questions?\n\n1. What is the purpose of this code?\n2. How does this code approach solving the problem?\n3. What are some common errors that might occur with this code?", "answer": "1. The purpose of this code is to evaluate an arithmetic expression in Reverse Polish Notation using a stack data structure. The input is an array of strings representing the expression, and the output is an integer representing the value of the expression.\n\n2. This code approach solving the problem by iterating through each token in the input array. If the token is an operator, the code pops the last two operands from the stack, applies the operator, and pushes the result back onto the stack. If the token is an operand, the code converts it to an integer and pushes it onto the stack. Finally, the code returns the top element on the stack.\n\n3. Some common errors that might occur with this code include: \n\n- Using the wrong variable name for the stack (e.g. \"stackstack\" instead of \"stack\").\n- Using the wrong variable names or order when popping operands from the stack.\n- Not converting the division result to an integer when using Python 2 (the code is written in Python 3).\n\nTo fix the bugs suggested by the auto-bugger tool:\n\n- Change \"stackstack\" to \"stack\" at line 2.\n- Change \"bstack\" to \"b\" at line 5.\n- Change \"ab\" to \"a\" at line 6.\n\nAfter fixing these bugs, the corrected code should look like this:\n\ndef evalRPN(tokens):\n    stack = []\n    for token in tokens:\n        if token in {\"+\", \"-\", \"*\", \"/\"}:\n            b = stack.pop()\n            a = stack.pop()\n            if token == \"+\":\n                stack.append(a + b)\n            elif token == \"-\":\n                stack.append(a - b)\n            elif token == \"*\":\n                stack.append(a * b)\n            else:\n                stack.append(int(a / b))\n        else:\n            stack.append(int(token))\n    return stack[-1]"}