{"question": "As a beginner, I am having difficulty understanding the purpose of this code. Can you please explain how this code is solving the given problem? \n\nAlso, I am not sure why we are appending 1 to the tokens list before returning the final result. Can you please explain the reason behind it?\n\nLastly, can you please explain the purpose of the else block and how it is working in this code?", "answer": "Sure, I can help you with that.\n\nRegarding the purpose of this code, it aims to evaluate an arithmetic expression in reverse Polish notation by using a stack. Reverse Polish notation is a way of representing mathematical expressions in which the operands come after their operators, instead of between them or before them as it is in a traditional infix notation. For example, the infix notation \"(2 + 3) * 4\" can be represented in reverse Polish notation as \"2 3 + 4 *\". The algorithm parses the tokens one by one and pushes the operands onto the stack until it encounters an operator, which is then applied to the top two elements of the stack. The result is pushed back onto the stack. This continues until there are no more tokens left, and the final result is the remaining element on the stack.\n\nRegarding the second question, appending 1 to the tokens list before returning the final result is unnecessary and serves no purpose. This line of code should be removed as it does not affect the output of the algorithm.\n\nRegarding the third question, the purpose of the else block is to handle the case where the current token is an integer operand. In this case, the token is converted to an integer and pushed onto the stack. If the token is an operator, the corresponding operation is applied to the top two elements of the stack, and the result is pushed back onto the stack. If the token is not an operator or an integer, an error would occur as it is an invalid expression in reverse Polish notation. \n\nRegarding the bugs in the code, the only bug in the code is the line that appends 1 to the tokens list before returning the final result. This line of code is unnecessary and should be removed.\n\nThus, the corrected implementation of the code would be:\n\ndef evalRPN(tokens):\n    stack = []\n    for token in tokens:\n        if token in {\"+\", \"-\", \"*\", \"/\"}:\n            b = stack.pop()\n            a = stack.pop()\n            if token == \"+\":\n                stack.append(a + b)\n            elif token == \"-\":\n                stack.append(a - b)\n            elif token == \"*\":\n                stack.append(a * b)\n            else:\n                stack.append(int(a / b))\n        else:\n            stack.append(int(token))\n    return stack[-1]\n\nI hope this helps you with your questions and the debugging process. Let me know if you have any further doubts."}