{"question": "As a beginner, I'm having trouble understanding this code. I see that it's supposed to evaluate an arithmetic expression in Reverse Polish Notation and return an integer. However, I'm confused about some of the code. What is the purpose of the \"stack\" variable? How does the logic inside the for loop work? And what does the return statement do in this function?", "answer": "Sure, I can help you with that.\n\nThe \"stack\" variable is used to keep track of the numbers in the arithmetic expression. Whenever we encounter a number, we push it onto the stack. Whenever we encounter an operator, we pop the top two numbers off the stack, apply the operator to them, and push the result back onto the stack. The result of the entire expression is the single value left on the stack at the end.\n\nThe logic inside the for loop works by iterating through each token in the input list. If the token is an operator, we pop the top two numbers off the stack, apply the operator, and push the result back onto the stack. If the token is a number, we convert it to an integer and push it onto the stack. At the end of the loop, the function returns the single value left on the stack.\n\nThe bug in the code is the missing expression in the return statement. Currently, the function returns nothing. To fix this, we need to replace the \"return\" statement with \"return stack[-1]\", which returns the top value on the stack.\n\nHere's the corrected code:\n\ndef evalRPN(tokens):\n    stack = []\n    for token in tokens:\n        if token in {\"+\", \"-\", \"*\", \"/\"}:\n            b = stack.pop()\n            a = stack.pop()\n            if token == \"+\":\n                stack.append(a + b)\n            elif token == \"-\":\n                stack.append(a - b)\n            elif token == \"*\":\n                stack.append(a * b)\n            else:\n                stack.append(int(a / b))\n        else:\n            stack.append(int(token))\n    return stack[-1]\n\nI hope that helps! Let me know if you have any further questions."}