{"question": "As a beginner programmer, I am having some difficulty understanding this code. The goal is to evaluate an arithmetic expression in Reverse Polish Notation given an array of strings as input. However, I'm not sure what the `stack` list is being used for and what exactly is happening inside the `if` statement that checks for operators. Could you provide a more detailed explanation about these portions of the code? Also, I'm not sure what the `update` method is being used for instead of `append`.", "answer": "Sure, I'll be happy to help. Let's start by explaining what the `stack` list is being used for in this code.\n\nThe `stack` list is being used to store the operands of the arithmetic expressions. When the algorithm encounters a number, it appends it to the `stack`. When an operator is encountered, it pops the two most recent operands from the `stack`, applies the operator to them, and then pushes the result back onto the `stack`. This process continues until the entire expression has been evaluated and only one operand remains on the `stack`, which is then returned as the result.\n\nNow, let's take a look at the `if` statement that checks for operators:\n\n```\nif token in {\"+\", \"-\", \"*\", \"/\"}:\n    b = stack.pop()\n    a = stack.pop()\n    if token == \"+\":\n        stack.append(a + b)\n    elif token == \"-\":\n        stack.append(a - b)\n    elif token == \"*\":\n        stack.append(a * b)\n    else:\n        stack.append(int(a / b))\n```\n\nHere, the `if` statement checks if the current token is an operator by looking for it in the set `{\"+\", \"-\", \"*\", \"/\"}`. If it is an operator, it pops the two most recent operands from the `stack` using `pop()`, applies the operator to them according to the type of operator, and then pushes the result back onto the `stack` using `append()`. The `elif` statements handle the various operator types.\n\nAs for the `update()` method, it is actually a typo and should be replaced with `append()`. The `append()` method adds a single element to the end of the list, while the `update()` method is not a valid list method in Python.\n\nNow, let's move on to fixing the bugs. As identified by the auto-bugger tool, the code contains five bugs. Here are the fixes, along with a brief explanation of each:\n\n1. At line 8, we have a bug 'stack.update(a + b)' which can be fixed by replacing it with 'stack.append(a + b)'.\n   - Fix: Replace `stack.update(a + b)` with `stack.append(a + b)`.\n   - Explanation: The `update()` method is invalid and should be replaced with the `append()` method, which adds a single element to the end of the list.\n2. At line 10, we have a bug 'stack.update(a - b)' which can be fixed by replacing it with 'stack.append(a - b)'.\n   - Fix: Replace `stack.update(a - b)` with `stack.append(a - b)`.\n   - Explanation: The `update()` method is invalid and should be replaced with the `append()` method, which adds a single element to the end of the list.\n3. At line 12, we have a bug 'stack.update(a * b)' which can be fixed by replacing it with 'stack.append(a * b)'.\n   - Fix: Replace `stack.update(a * b)` with `stack.append(a * b)`.\n   - Explanation: The `update()` method is invalid and should be replaced with the `append()` method, which adds a single element to the end of the list.\n4. At line 14, we have a bug 'stack.update(int(a / b))' which can be fixed by replacing it with 'stack.append(int(a / b))'.\n   - Fix: Replace `stack.update(int(a / b))` with `stack.append(int(a / b))`.\n   - Explanation: The `update()` method is invalid and should be replaced with the `append()` method, which adds a single element to the end of the list.\n5. At line 16, we have a bug 'stack.update(int(token))' which can be fixed by replacing it with 'stack.append(int(token))'.\n   - Fix: Replace `stack.update(int(token))` with `stack.append(int(token))`.\n   - Explanation: The `update()` method is invalid and should be replaced with the `append()` method, which adds a single element to the end of the list.\n\nWith these fixes implemented, the code should now work correctly and evaluate arithmetic expressions in Reverse Polish Notation as intended."}