{"question": "As a beginner programmer, I am having trouble understanding the logic of this code. Can you explain what it's trying to do? \n\nAlso, I noticed that the comparison in the if statement uses curly braces instead of square brackets. Is that a mistake? \n\nFinally, I'm not sure what the purpose of the int() function is in the last else statement. Can you clarify that for me as well?", "answer": "Sure, I'd be happy to help!\n\nThis code is implementing an algorithm to evaluate an arithmetic expression in [Reverse Polish Notation](http://en.wikipedia.org/wiki/Reverse_Polish_notation). Reverse Polish Notation is a way of representing mathematical expressions in a way that can be evaluated without the need for parentheses or operator precedence rules. In Reverse Polish Notation, each operator follows its operands, so the expression (2 + 3) * 4 would be written as 2 3 + 4 *. The algorithm works by using a stack to keep track of the operands, and popping them off when an operator is encountered.\n\nThe comparison in the if statement should use square brackets instead of curly braces. The curly braces are used to define sets, while the square brackets are used to define lists. In this case, we need to check if the variable `token` is one of the operators, so we want to use a list of strings to make this comparison. Changing the curly braces to square brackets will fix this bug.\n\nThe purpose of the int() function in the last else statement is to convert the token to an integer before pushing it onto the stack. This is necessary because tokens can be either operators or operands, and we need to be able to distinguish between them. If the token is an operand, we need to push it onto the stack as an integer. The int() function ensures that this happens.\n\nHere is a corrected version of the code with the bugs fixed:\n\n```\ndef evalRPN(tokens):\n    stack = []\n    for token in tokens:\n        if token in [\"+\", \"-\", \"*\", \"/\"]:\n            b = stack.pop()\n            a = stack.pop()\n            if token == \"+\":\n                stack.append(a + b)\n            elif token == \"-\":\n                stack.append(a - b)\n            elif token == \"*\":\n                stack.append(a * b)\n            else:\n                stack.append(int(a / b))\n        else:\n            stack.append(int(token))\n    return stack[-1]\n```\n\nI hope this helps you understand the code better and fix the bugs!"}