{"question": "As a beginner, I am trying to understand the given code to evaluate an arithmetic expression in Reverse Polish Notation. I am encountering some issues and have a few questions:\n\n1. What does the `stack` list represent, and how does it help evaluate the expression?\n2. How does the code handle the different arithmetic operators, and where in the code does it perform the actual evaluation of the expression?\n3. Why does the code call `int()` without any arguments when encountering a `'/'` operator?", "answer": "Sure, I can help. Let me answer your questions first:\n\n1. The `stack` list in this code represents a stack-based data structure. It is used to keep track of the operands in the expression. Whenever a number is encountered in the expression, it is pushed onto the stack. Whenever an operator is encountered, the top two numbers from the stack are popped, the operator is applied to them, and the result is pushed back onto the stack. This way, the expression is evaluated in a reverse order, as is required for Reverse Polish Notation.\n2. The code handles the different arithmetic operators (i.e., `+`, `-`, `*`, `/`) using conditional statements. Whenever an operator is encountered, the code pops the top two numbers from the stack, applies the operator to them, and pushes the result back onto the stack. The actual evaluation of the expression happens in this step.\n3. The `int()` function is used to convert an operand from a string to an integer. In the case of the `'/'` operator, the result of the division operation may be a float, but the requirement is that the result must be truncated towards zero, so the code needs to convert the result to an integer using the `int()` function.\n\nNow, let's move on to the bugs in the code and how to fix them:\n\n1. At line 8, the code has a bug where `stack.append()` is called without passing any arguments. This is incorrect because the result of the addition operation (i.e., `a + b`) should be pushed back onto the stack. To fix this, replace `stack.append()` with `stack.append(a + b)`.\n2. At line 10, the code has a bug where `stack.append()` is called without passing any arguments. This is incorrect because the result of the subtraction operation (i.e., `a - b`) should be pushed back onto the stack. To fix this, replace `stack.append()` with `stack.append(a - b)`.\n3. At line 12, the code has a bug where `stack.append()` is called without passing any arguments. This is incorrect because the result of the multiplication operation (i.e., `a * b`) should be pushed back onto the stack. To fix this, replace `stack.append()` with `stack.append(a * b)`.\n4. At line 14, the code has a bug where `int()` is called without arguments. This is incorrect because `int()` is a type-conversion function and expects a value to be passed as an argument. In this case, the code needs to pass the result of the division operation (i.e., `a / b`) as an argument to `int()`. To fix this, replace `stack.append(int())` with `stack.append(int(a / b))`.\n5. At line 16, the code has a bug where `int()` is called with the wrong argument. This is incorrect because `int()` should be used to convert a string to an integer, but in this case, the code needs to convert the operand (i.e., `token`) to an integer, not an empty value. To fix this, replace `stack.append(int())` with `stack.append(int(token))`.\n\nHere's the corrected code:\n\n```\ndef evalRPN(tokens):\n    stack = []\n    for token in tokens:\n        if token in {\"+\", \"-\", \"*\", \"/\"}:\n            b = stack.pop()\n            a = stack.pop()\n            if token == \"+\":\n                stack.append(a + b)\n            elif token == \"-\":\n                stack.append(a - b)\n            elif token == \"*\":\n                stack.append(a * b)\n            else:\n                stack.append(int(a / b))\n        else:\n            stack.append(int(token))\n    return stack[-1]\n```\n\nI hope this helps! Let me know if you have any further questions."}