{"question": "As a beginner, I'm having a hard time understanding this code. It looks like it's trying to evaluate a reverse Polish notation expression given an array of strings, but I'm not sure how. Can someone explain how this code is working? \n\nAlso, why are there no initializations for the variables \"a\" and \"b\"? \n\nLastly, can anyone point out where in the code the division operation is being performed and why it's concatenating the string with whitespace instead of just using the operator directly?", "answer": "Sure, let me explain how the code is working:\n\nThe code is trying to evaluate a reverse Polish notation expression, which means that the operators come after the operands. For example, the expression \"2 + 3\" in reverse Polish notation would be \"2 3 +\". \n\nThe given array of strings, `tokens`, represents a reverse Polish notation expression, and the code is evaluating it by using a stack. \n\nThe `stack` is initially empty. The code then iterates over each `token` in the `tokens` array. If the `token` is an operator (+, -, *, /), then the code pops the last two elements from the `stack` and performs the operation on them. The result is then pushed back onto the `stack`. If the `token` is an operand, then it is pushed onto the `stack`.\n\nAfter iterating through all the `tokens`, the final result is the last element in the `stack`.\n\nNow, to address your first bug, the line `stack = stack` is redundant as it is not initializing an empty list. It can be fixed by simply initializing the `stack` as an empty list. So, replace `stack = stack` with `stack = []`.\n\nFor your second bug, the variables `a` and `b` are not initialized because they are being popped from the `stack` in the if block that checks for operators. So, there is no need to initialize them beforehand.\n\nFinally, the division operation is being performed in the `else` block of the if statement that checks for operators. The division operator is being represented as `\"/ \"` (with a space at the end) because the input consists of strings with spaces after each token. To remove the space and get the division operator, you can use string slicing to remove the last character. So, replace `stack.append(int(a / b))` with `stack.append(int(a // b))` to perform integer division and fix the division operation.\n\nNow, to fix the code, replace the original code with:\n\ndef evalRPN(tokens):\n    stack = []\n    for token in tokens:\n        if token in {\"+\", \"-\", \"*\", \"/\"}:\n            b = stack.pop()\n            a = stack.pop()\n            if token == \"+\":\n                stack.append(a + b)\n            elif token == \"-\":\n                stack.append(a - b)\n            elif token == \"*\":\n                stack.append(a * b)\n            else:\n                stack.append(int(a / b))\n        else:\n            stack.append(int(token))\n    return stack[-1]"}