{"question": "As a beginner programmer, I am trying to understand and debug the given code. Can you help me understand what this code is trying to do? Also, can you explain 'defaultdict' and 'typing.List' in this code? Finally, could you give me an example of how to use this code to solve the given problem?", "answer": "Sure, let's start with the first question.\n\n## What is this code trying to do?\n\nThis code implements a class called `TweetCounts` that allows recording and retrieving the number of tweets sent by a specific user within a given time range. The class stores a dictionary of tweets sent by each user, where each tweet is associated with a time stamp. \n\nThe `recordTweet` method is used to record a tweet sent by a user at a specific time. It increments the count of tweets sent by the user at that time.\n\nThe `getTweetCountsPerFrequency` method is used to retrieve the number of tweets sent by a user at different time intervals. The method takes in three arguments: a frequency (`minute`, `hour`, or `day`), a user name, and a time range (start and end time). It returns a list of counts where each count represents the number of tweets sent by the user within a time interval of the given frequency.\n\nNow let's move on to the second question.\n\n## What is defaultdict and typing.List in this code?\n\n`defaultdict` is a subclass of the built-in dictionary in Python. It overrides one method and adds one writable instance variable. The first argument provides the initial value of the dictionary. In this code, we are using a nested `defaultdict` to store tweets sent by each user at different time intervals. \n\n`typing.List` is a module that provides support for type hints. Type hints are annotations that provide information about the expected types of function arguments and return values. In this code, `typing.List[int]` is used to indicate that the function returns a list of integers.\n\nFinally, let's move on to the third question.\n\n## How to use this code to solve the given problem?\n\nThe given problem requires rearranging an array of `2n` elements in a specific way. We can use the `TweetCounts` class to solve this problem by storing the elements of the input array as tweets sent by two users, `x` and `y`, where each tweet is associated with an index of the array. We can then retrieve the counts of tweets sent by each user at different time intervals of length `n`. The concatenated counts will give us the required output.\n\nHere's how the modified code should look like:\n\n```python\nclass TweetCounts:\n    def __init__(self):\n        self.tweet_records = defaultdict(lambda: defaultdict(int))\n\n    def recordTweet(self, tweetName: str, time: int) -> None:\n        self.tweet_records[tweetName][time] += 1\n\n    def getTweetCountsPerFrequency(self, freq: str, tweetName: str, startTime: int, endTime: int, n: int) -> List[int]:\n        if freq == \"minute\":\n            interval = 60\n        elif freq == \"hour\":\n            interval = 3600\n        else:\n            interval = 86400\n\n        x_counts = [0] * ((endTime - startTime) // interval + 1)\n        y_counts = [0] * ((endTime - startTime) // interval + 1)\n        for time, count in self.tweet_records[tweetName].items():\n            if startTime <= time <= endTime:\n                index = (time - startTime) // interval\n                tweet_type = \"x\" if index < n else \"y\"\n                if tweet_type == \"x\":\n                    x_counts[index] += count\n                else:\n                    y_counts[index-n] += count\n\n        return [x for xy in zip(x_counts, y_counts) for x in xy]\n```\n\nI hope this helps you understand the code and solve the given problem! Let me know if you have any more questions. \n\nNow, let's move on to the debugging process. \n\n## Debugging the code\n\nAs mentioned earlier, the code contains some bugs that need to be fixed. The auto-bugger tool has already identified the bugs for us. Let's go through each bug and fix them.\n\n### Bug 1: 'interval = 4' should be replaced with 'interval = 60'\n\n```python\nif freq == \"minute\":\n    interval = 4 # Incorrect\nelif freq == \"hour\":\n    interval = 5 # Incorrect\nelse:\n    interval = 2 # Incorrect\n```\n\nThe auto-bugger tool suggests that the values assigned to `interval` are incorrect and need to be replaced with `60`, `3600`, and `86400` for `minute`, `hour`, and `day` respectively. The suggested fix for the first bug is straightforward. We need to replace `interval = 4` with `interval = 60`.\n\n```python\nif freq == \"minute\":\n    interval = 60 # Corrected\nelif freq == \"hour\":\n    interval = 5 \nelse:\n    interval = 2\n```\n\n### Bug 2: 'interval = "}