{"question": "As a beginner, I'm having trouble understanding this code. Can you explain what this code is supposed to do? What is the purpose of the map() function in this code? How is the total number of minutes calculated in this code?", "answer": "This code is a function that takes in four strings representing two events, and determines if there is a conflict between those events. The purpose of the `map()` function is to convert the strings representing the start and end times of each event from the \"HH:MM\" format into two integers representing the hour and minute of the start and end times. The total number of minutes for each event is then calculated by multiplying the hour value by 60 and adding the minute value to get the total number of minutes since midnight.\n\nThe first bug is in the `return` statement on line 12, where there is no condition being returned. This can be fixed by replacing it with `return not (total_min1_end <= total_min2_start or total_min1_start >= total_min2_end)`, which checks if there is an intersection between the two events.\n\nThe second bug is a logical error in the `return` statement. The correct condition to check for a conflict is if `total_min1_end > total_min2_start` and `total_min1_start < total_min2_end`, meaning that the end time of event1 is after the start time of event2 and the start time of event1 is before the end time of event2. This can be fixed by changing the `return` statement to `return total_min1_end > total_min2_start and total_min1_start < total_min2_end`.\n\nHere is the corrected code:\n\n```\ndef has_event_conflict(start1: str, end1: str, start2: str, end2: str) -> bool:\n    start_hour1, start_min1 = map(int, start1.split(\":\"))\n    start_hour2, start_min2 = map(int, start2.split(\":\"))\n    end_hour1, end_min1 = map(int, end1.split(\":\"))\n    end_hour2, end_min2 = map(int, end2.split(\":\"))\n\n    total_min1_start = start_hour1 * 60 + start_min1\n    total_min1_end = end_hour1 * 60 + end_min1\n    total_min2_start = start_hour2 * 60 + start_min2\n    total_min2_end = end_hour2 * 60 + end_min2\n\n    return total_min1_end > total_min2_start and total_min1_start < total_min2_end\n```"}